user_id,month,day_of_month,income_received_to_date,expense_to_date,historical_monthly_income_avg,historical_monthly_expense_avg,food_dining_to_date,transport_to_date,groceries_to_date,communication_to_date,education_to_date,utilities_to_date,health_to_date,entertainment_to_date,savings_investments_to_date,personal_transfer_to_date,target_month_end_expense,target_month_end_income,target_overspend_risk,is_synthetic_demo
demo_user_001,2026-01,16,120970,150897,231036,327733,4892,18477,22532,7680,19465,35343,28092,11843,12037,6940,313698,251692,1,True
demo_user_001,2026-02,11,70684,75095,231036,242564,10184,3573,2915,5332,7489,14665,10113,15130,7165,12544,256750,213235,1,True
demo_user_001,2026-03,12,90004,83261,231036,180067,2776,5900,7929,12913,5770,17038,16527,5039,6532,3680,257728,265242,1,True
demo_user_001,2026-04,12,93447,80394,231036,259106,12176,17682,14091,15798,7240,4072,7734,2513,11576,2610,274471,255244,1,True
demo_user_001,2026-05,10,68084,88018,231036,292459,15247,15205,7877,5945,5410,11871,15900,9119,11410,8452,341082,246065,1,True
demo_user_001,2026-06,19,132048,90070,231036,157940,11980,11900,7198,19651,8266,23954,10619,3515,0,9892,195017,251889,0,True
demo_user_002,2026-01,20,193616,157793,273164,285952,15969,20806,11174,34489,26439,3029,26091,10107,13900,16348,268369,265233,1,True
demo_user_002,2026-02,14,90959,115138,273164,209188,17430,0,21863,4921,22477,0,10138,11145,8814,15448,260587,235041,1,True
demo_user_002,2026-03,11,83925,117764,273164,332952,16222,14209,6463,7332,11541,10233,19067,6459,2550,11633,288312,227956,1,True
demo_user_002,2026-04,13,137742,124005,273164,285378,25029,4521,10251,14713,13731,18785,8743,8705,14573,1318,346356,303533,1,True
demo_user_002,2026-05,12,88592,120059,273164,392839,10415,14420,13087,1936,19249,19418,19580,15098,10968,24320,383965,261098,1,True
demo_user_002,2026-06,14,136656,128699,273164,327204,16764,8783,24029,10834,20174,3000,18123,17078,11121,21673,337525,267060,1,True
demo_user_003,2026-01,21,247609,164920,313072,243793,31292,16119,22220,0,0,19901,13496,23079,27561,25923,304061,333234,1,True
demo_user_003,2026-02,13,108943,91050,313072,260058,7775,21481,9319,202,16775,9336,10347,12309,14246,9502,256837,322371,0,True
demo_user_003,2026-03,16,218038,155098,313072,294678,17554,11078,21286,9669,11736,22719,25749,5795,14116,7990,292072,433889,0,True
demo_user_003,2026-04,11,118365,77611,313072,169395,10310,7843,18683,14022,795,6789,6673,4021,24,6755,207054,334333,0,True
demo_user_003,2026-05,25,299132,262198,313072,373573,30999,28693,9203,26526,14848,40548,15171,26524,47130,24942,317506,394292,0,True
demo_user_003,2026-06,14,128031,119366,313072,270231,11923,3076,18485,23605,2118,6412,2734,21923,8641,13402,290676,337829,0,True
demo_user_004,2026-01,14,178444,135014,433103,418304,18475,14685,9855,24400,9776,20160,16091,23445,21600,9480,391963,431473,1,True
demo_user_004,2026-02,14,203923,99254,433103,195174,3175,22462,6499,8867,10316,22641,6006,18315,0,9271,298938,411973,0,True
demo_user_004,2026-03,19,264768,168714,433103,201358,18217,7860,13956,29747,8275,10330,15681,9064,27239,10638,302232,465294,0,True
demo_user_004,2026-04,10,149826,74927,433103,278054,4491,11405,2473,16434,10553,13815,11301,0,11301,8955,331624,409534,0,True
demo_user_004,2026-05,18,249074,108577,433103,260276,6199,14339,15546,29362,25297,8430,10096,15381,0,6605,233514,435013,0,True
demo_user_004,2026-06,19,187908,219382,433103,312831,19097,8598,31066,15076,30446,27725,19846,29700,16841,2241,352077,283991,1,True
demo_user_005,2026-01,21,55635,149211,141150,207613,6309,17486,4076,22393,22220,7057,33005,28105,1312,2191,256966,100640,1,True
demo_user_005,2026-02,24,104088,272792,141150,286883,41222,7299,46416,29557,36123,24044,31114,15428,1240,11892,386185,144068,1,True
demo_user_005,2026-03,21,102133,194567,141150,349701,15807,20900,19927,21511,31705,22585,28581,17327,11882,21031,309651,179320,1,True
demo_user_005,2026-04,17,85314,147627,141150,275266,22844,23615,10862,9896,4494,0,13100,25981,11021,11691,292256,193363,1,True
demo_user_005,2026-05,15,64244,133645,141150,228435,11670,19233,25209,1991,22204,19440,0,20503,7126,8132,311979,138296,1,True
demo_user_005,2026-06,23,127478,182935,141150,291601,1363,28487,21679,13854,37068,17131,27828,30221,16852,25804,340598,179864,1,True
demo_user_006,2026-01,22,137683,230429,181763,234733,14969,26050,19723,27229,11351,28323,42344,18009,9561,9308,291578,231595,1,True
demo_user_006,2026-02,18,48868,177203,181763,313735,20114,28533,11403,26499,20341,27517,7075,18936,7030,26576,337552,99879,1,True
demo_user_006,2026-03,22,79082,181728,181763,263456,23209,11956,27203,31152,30507,4854,21627,2706,11332,10436,253486,128514,1,True
demo_user_006,2026-04,12,65458,81204,181763,198373,15149,674,7913,7516,4313,19501,4428,3344,4253,11529,213875,158097,1,True
demo_user_006,2026-05,18,134643,133559,181763,185066,12187,11112,2828,13038,21373,0,18589,27701,14277,10027,218559,210263,1,True
demo_user_006,2026-06,25,164842,201965,181763,297372,9880,21485,34664,27483,17068,18724,26929,35007,21896,6453,305726,187167,1,True
demo_user_007,2026-01,14,181299,102903,447884,167851,13043,2829,21713,6607,0,22716,12331,9317,1759,620,247410,426126,0,True
demo_user_007,2026-02,22,364198,250702,447884,301712,34009,11104,20528,21507,31270,26323,15034,36924,29623,35421,403336,462438,0,True
demo_user_007,2026-03,19,237401,149560,447884,211012,11710,14355,31451,7693,20782,22062,14593,13975,19072,362,317106,452376,0,True
demo_user_007,2026-04,16,241564,94915,447884,236189,8942,24580,7599,15559,0,7322,5147,14961,12620,11932,231239,447347,0,True
demo_user_007,2026-05,15,211184,132154,447884,221824,23181,5689,14992,4507,18220,23037,11884,2008,13312,0,253026,401635,0,True
demo_user_007,2026-06,20,286153,149888,447884,241656,3233,12204,21454,31888,13017,29285,13730,8364,34343,12029,273276,515057,0,True
demo_user_008,2026-01,14,147881,109294,334132,260118,4788,7416,17369,11531,21581,15744,14784,5509,10392,8038,307512,376891,0,True
demo_user_008,2026-02,24,316520,184080,334132,203107,0,12257,24787,1688,10988,42989,21076,6250,16728,24066,216760,379621,0,True
demo_user_008,2026-03,18,168624,115924,334132,205057,4163,20253,7036,24747,0,13001,27744,22761,1152,21129,236647,301668,0,True
demo_user_008,2026-04,19,163692,118237,334132,208330,14066,18162,28133,23673,7675,11038,0,16661,16625,9772,261971,313201,0,True
demo_user_008,2026-05,12,101264,152897,334132,358627,19197,22023,10392,20515,17635,18920,14873,11101,12614,4624,462246,299510,1,True
demo_user_008,2026-06,25,161760,255192,334132,269522,22729,26695,27031,32179,20455,45455,13923,16065,23935,15942,332418,254781,1,True
demo_user_009,2026-01,10,112558,91585,440042,306579,15579,10168,5054,14418,11750,4727,11176,4490,18966,4272,311029,436908,0,True
demo_user_009,2026-02,15,212598,204636,440042,370299,18196,27414,14983,9645,26557,18224,22975,30764,22687,0,440858,388510,1,True
demo_user_009,2026-03,14,285011,108674,440042,252637,8230,6220,12946,6885,14727,10927,12516,6499,31483,2344,265503,565156,0,True
demo_user_009,2026-04,15,214022,160551,440042,263195,33592,16343,15533,6042,20157,16044,5934,3280,29775,1198,362311,532485,0,True
demo_user_009,2026-05,21,320301,182345,440042,222729,10365,23571,22210,28109,11626,30194,36877,10798,7926,5617,280119,456115,0,True
demo_user_009,2026-06,12,208633,135229,440042,366101,10562,4975,13408,17504,10812,21826,11749,5140,23232,9833,374929,495072,0,True
demo_user_010,2026-01,24,166088,211489,179347,312630,40280,34584,9188,30344,35200,20635,3301,17515,14988,31340,333709,213781,1,True
demo_user_010,2026-02,18,130252,136712,179347,259347,8169,16737,5879,12404,27513,26600,20515,13309,8942,8358,281389,227613,1,True
demo_user_010,2026-03,18,94757,118008,179347,259201,9742,17365,4075,6814,30099,0,10734,25866,8686,18375,233562,161303,1,True
demo_user_010,2026-04,24,126111,216949,179347,208166,19139,15364,37260,13828,18168,29344,24989,2899,16255,13246,258527,172166,1,True
demo_user_010,2026-05,14,68640,172552,179347,334354,12351,8592,18976,20194,26885,19582,23275,13154,6965,21939,368395,190411,1,True
demo_user_010,2026-06,20,83319,136286,179347,276048,19256,5294,17810,9038,3814,21727,17703,32908,8370,18122,245602,158860,1,True
demo_user_011,2026-01,22,216227,156253,286396,212323,2395,11990,26354,3580,13651,31127,30986,16047,31883,11574,289978,286210,1,True
demo_user_011,2026-02,16,161289,133907,286396,249733,18888,17544,12133,20294,16083,7248,11848,20967,15398,21204,405520,300598,1,True
demo_user_011,2026-03,17,111066,141132,286396,277426,6263,6003,10632,9087,23946,26762,34605,29451,14976,12353,312646,252814,1,True
demo_user_011,2026-04,24,225794,191098,286396,246987,25218,33115,22415,16871,0,500,41993,7766,30705,9126,267003,342640,0,True
demo_user_011,2026-05,17,116255,172555,286396,386054,16153,19458,27083,19484,15178,24009,17797,26877,18138,0,325026,254147,1,True
demo_user_011,2026-06,20,176834,66774,286396,134877,799,13775,6925,0,10450,15592,13566,10881,10160,0,144427,328012,0,True
demo_user_012,2026-01,20,116385,173241,215309,217088,17159,31400,31773,24630,9169,15616,5713,13127,14780,13852,295589,202843,1,True
demo_user_012,2026-02,10,59738,105250,215309,343868,17138,6497,15395,882,14634,9633,13639,10691,9043,3413,334283,220709,1,True
demo_user_012,2026-03,11,89175,101219,215309,402440,16551,13533,15498,16808,9759,21015,13266,8980,7468,1028,353000,221138,1,True
demo_user_012,2026-04,14,93984,162394,215309,281850,11748,24593,23783,18566,10549,8976,15201,21126,15613,13780,384274,254263,1,True
demo_user_012,2026-05,16,85874,132923,215309,208678,8866,13899,7067,2539,0,15688,19850,29768,10993,28685,280085,172822,1,True
demo_user_012,2026-06,24,114543,150676,215309,193204,10728,28546,704,30256,9199,8474,22540,23658,10726,22636,214567,170478,1,True
demo_user_013,2026-01,16,80857,79966,154817,199710,18257,15565,3948,1834,14347,13584,5064,12500,4768,0,194117,159830,1,True
demo_user_013,2026-02,13,89419,89445,154817,199943,1932,11534,4663,21104,5527,7725,13928,19600,10577,240,243554,193758,1,True
demo_user_013,2026-03,20,68141,163881,154817,250175,28647,22874,8902,28248,9113,15260,13792,9102,6522,17470,265572,134797,1,True
demo_user_013,2026-04,13,46219,115668,154817,247803,22196,18435,3765,4145,18402,15897,9933,16012,4469,15842,317761,111986,1,True
demo_user_013,2026-05,19,96382,116924,154817,183091,5121,8978,1742,4349,27386,30690,1589,5926,11333,16219,178955,138607,1,True
demo_user_013,2026-06,24,94831,167157,154817,213213,29368,5798,9790,15821,8477,6965,35755,25363,6922,1424,182109,147557,1,True
demo_user_014,2026-01,11,72357,74078,182206,219714,5581,14023,12047,10445,9698,9411,6791,8903,533,11,247291,221992,1,True
demo_user_014,2026-02,23,159631,198017,182206,333740,25155,22908,27908,28863,18860,8218,37644,27577,5220,12614,304146,209634,1,True
demo_user_014,2026-03,22,173797,164985,182206,218678,16071,9623,31438,27494,18092,36576,7905,464,13140,12609,277382,217820,1,True
demo_user_014,2026-04,14,32061,133395,182206,226240,19053,23143,10297,12532,8136,16906,15007,13785,2666,6456,287785,87479,1,True
demo_user_014,2026-05,18,114649,86157,182206,172640,12891,20608,9291,26514,0,3785,12513,10140,11434,0,213628,187472,1,True
demo_user_014,2026-06,24,124191,195684,182206,251492,8594,18660,29348,32733,27879,32774,27381,0,17170,15518,271427,169363,1,True
demo_user_015,2026-01,22,117826,186283,164268,222607,11475,1441,28230,14232,33573,21271,3561,37939,20121,17958,330301,207767,1,True
demo_user_015,2026-02,13,56729,113440,164268,280737,10024,7509,3100,15033,9964,14444,19908,9361,4479,16192,273284,166889,1,True
demo_user_015,2026-03,17,104707,184901,164268,345620,22780,10990,32247,23801,7340,19173,20336,9214,9032,19219,352427,193719,1,True
demo_user_015,2026-04,25,113076,119004,164268,178712,14642,6373,6195,21814,23519,10395,19480,7030,10243,12523,175089,139024,1,True
demo_user_015,2026-05,12,59081,135960,164268,339552,20564,4648,4470,20410,19074,19185,9048,19007,3750,4091,366116,159326,1,True
demo_user_015,2026-06,16,135919,154903,164268,334245,16499,0,24507,22737,25562,27333,24101,20309,14016,10509,357465,232287,1,True
demo_user_016,2026-01,18,168540,163965,362875,295767,29458,33918,21257,18732,15484,25084,5293,10704,14654,17834,372644,324956,1,True
demo_user_016,2026-02,23,183347,234598,362875,312587,6958,15873,27081,828,50533,42415,26605,17882,39998,5721,332663,309498,1,True
demo_user_016,2026-03,12,179919,108654,362875,297047,21381,4946,14920,18487,15109,3638,12763,5984,16624,13731,404372,497527,0,True
demo_user_016,2026-04,10,98055,91076,362875,298614,6441,18434,7521,13419,12312,6202,10526,12213,13127,5145,316030,307795,1,True
demo_user_016,2026-05,15,189374,115683,362875,282332,0,16585,11670,5949,0,16876,17764,15823,27245,23291,290498,372077,0,True
demo_user_016,2026-06,15,150022,123875,362875,189751,3828,12920,4572,14504,16430,9296,13718,2387,11458,21760,248049,388695,0,True
demo_user_017,2026-01,17,119293,160496,387857,259679,27237,14841,23686,24007,11223,7230,24782,28782,12221,0,342836,218610,1,True
demo_user_017,2026-02,21,270944,179779,387857,249835,6542,12659,21718,26175,24345,27560,12685,19471,7354,5294,260738,358063,0,True
demo_user_017,2026-03,10,61050,116762,387857,364396,793,16118,10298,15666,12715,15235,18730,7689,6308,1900,405724,222890,1,True
demo_user_017,2026-04,18,236669,140436,387857,271134,16336,24475,8905,20376,4074,16474,20465,4713,28807,16548,285601,362690,0,True
demo_user_017,2026-05,24,294536,295714,387857,352643,26592,13560,40197,13364,40796,32483,17774,28502,24087,28359,358595,452032,0,True
demo_user_017,2026-06,13,122241,90312,387857,211562,13497,1244,3060,5272,4839,7996,9236,22301,5256,17976,229039,373927,0,True
demo_user_018,2026-01,25,205531,208837,241975,214780,18473,26752,21340,18510,16277,36003,18723,20343,0,15190,243553,267221,1,True
demo_user_018,2026-02,14,98492,128324,241975,246700,4289,5194,14069,21442,1862,11577,24855,12478,10109,17908,300683,265748,1,True
demo_user_018,2026-03,13,101363,123198,241975,296881,10536,18850,17388,20453,484,19443,4204,10057,9662,4260,302891,221738,1,True
demo_user_018,2026-04,19,91623,197274,241975,343331,16448,29873,22905,7468,21718,22228,15076,29820,8686,12063,301714,189181,1,True
demo_user_018,2026-05,21,144088,194196,241975,264887,5397,23290,14186,35224,10312,28897,34752,2500,13573,33300,312242,272875,1,True
demo_user_018,2026-06,18,107434,168981,241975,235980,8932,23727,18049,14951,30133,21447,20483,16619,5226,7795,313425,172008,1,True
demo_user_019,2026-01,22,240742,226140,291784,263868,25906,7489,28559,1260,37875,16111,3672,33844,36344,25148,368982,343002,1,True
demo_user_019,2026-02,10,61552,78245,291784,251800,16639,13048,2959,11031,9244,9686,3424,15369,5015,5744,276483,241074,1,True
demo_user_019,2026-03,19,107720,145877,291784,191693,26380,9086,14806,24810,0,7427,15536,21619,10156,13759,269137,217922,1,True
demo_user_019,2026-04,23,247073,215699,291784,207145,295,23647,44034,19509,5454,28285,4678,12883,26626,32942,275743,297222,1,True
demo_user_019,2026-05,22,210921,179979,291784,254319,27707,28729,14841,32528,20812,3448,8684,7924,13871,15511,250410,266413,1,True
demo_user_019,2026-06,10,118466,73047,291784,242570,1762,13549,6506,15859,12416,12686,3166,661,191,4238,254296,353558,0,True
demo_user_020,2026-01,22,150097,184136,263233,268953,30587,17777,17594,10562,6686,11688,27956,16746,19060,23585,248517,232613,1,True
demo_user_020,2026-02,11,76360,80615,263233,210273,16138,11886,8130,8446,13418,9351,4139,2113,9875,3407,237413,216477,1,True
demo_user_020,2026-03,12,89203,90728,263233,172187,3836,6401,20473,7646,10848,7870,4930,6283,7298,5779,260352,261981,1,True
demo_user_020,2026-04,11,81212,87538,263233,235279,13435,11872,9926,14666,10985,3567,7075,11273,6759,8710,333085,258805,1,True
demo_user_020,2026-05,19,143609,114383,263233,219755,2388,11652,7822,13297,5806,36004,10289,17039,4981,31270,259580,255266,1,True
demo_user_020,2026-06,18,101003,145259,263233,237059,3837,28534,26562,16583,23371,10106,10327,16218,10338,15514,329404,190998,1,True
demo_user_021,2026-01,24,192756,252411,257304,376746,29574,22576,51944,15723,36594,27124,10132,40670,13251,17074,365526,229716,1,True
demo_user_021,2026-02,14,127121,159329,257304,509783,22565,29285,19560,31682,19038,24993,20400,20074,5180,5612,447066,251039,1,True
demo_user_021,2026-03,17,132757,166549,257304,300209,21714,16864,29368,9286,12104,11510,26428,15493,13483,20429,321713,301447,1,True
demo_user_021,2026-04,11,77740,94033,257304,265494,14184,6155,7199,15523,6318,15488,13646,13690,6699,7786,305254,248455,1,True
demo_user_021,2026-05,13,99328,86747,257304,172796,17648,7645,2844,4516,0,8825,2498,10177,19480,9861,239682,295720,0,True
demo_user_021,2026-06,17,142187,133189,257304,185142,5304,23274,36419,21495,17324,0,9387,1444,9228,3279,251667,296364,0,True
demo_user_022,2026-01,13,159396,127731,409948,282601,7666,18911,19927,12868,0,8178,19411,8518,19508,7773,314375,470832,0,True
demo_user_022,2026-02,22,356660,165147,409948,232686,3336,14080,20468,12719,21780,10490,29006,8355,37131,16203,262135,525709,0,True
demo_user_022,2026-03,18,213331,115945,409948,182822,14908,5640,2764,15709,9434,13137,4742,27025,23670,11317,216658,369323,0,True
demo_user_022,2026-04,22,279700,181095,409948,282643,39153,14012,30976,34034,7971,25384,12647,27514,7017,15975,294693,504000,0,True
demo_user_022,2026-05,21,122751,166177,409948,326392,9689,47422,10056,14091,21333,29145,36958,875,15080,21540,330486,220871,1,True
demo_user_022,2026-06,24,260521,183348,409948,256937,6847,42084,8749,22122,35780,25652,28824,11899,20143,4764,284969,392408,0,True
demo_user_023,2026-01,25,281410,190533,393666,199510,51145,14509,6305,0,0,22955,5615,31900,31744,19747,272355,381204,0,True
demo_user_023,2026-02,14,173312,105433,393666,205355,15559,4569,11387,15938,8919,0,22112,6873,12044,0,238458,438911,0,True
demo_user_023,2026-03,19,152317,124348,393666,227094,27430,6306,7007,20953,28760,0,7235,26534,14560,6377,257156,236933,1,True
demo_user_023,2026-04,17,193105,160665,393666,225231,21370,10218,25841,7796,21353,7495,23058,24973,9624,543,271833,325535,0,True
demo_user_023,2026-05,25,310017,159221,393666,220715,22372,24203,28262,14440,14138,20218,11378,33545,1613,9160,262705,362720,0,True
demo_user_023,2026-06,11,157386,89563,393666,258672,9555,5017,6061,5663,5213,4232,14299,0,8610,21821,266838,491361,0,True
demo_user_024,2026-01,14,65585,141031,167954,321246,10793,13583,24468,13952,22405,9016,15968,6953,7379,10725,336311,162236,1,True
demo_user_024,2026-02,17,82563,114871,167954,196993,10896,4646,10861,22560,25988,6886,7398,16828,10149,4966,257060,139167,1,True
demo_user_024,2026-03,14,97435,151074,167954,380646,20113,17402,18546,24529,19214,12805,14154,15527,4454,3675,377862,204053,1,True
demo_user_024,2026-04,19,79875,134375,167954,265907,25513,22718,9391,6156,9359,0,18881,36623,9380,11961,287123,119931,1,True
demo_user_024,2026-05,17,89345,128995,167954,306203,5832,20635,24925,16524,28591,5051,17117,17371,5841,18550,315082,151075,1,True
demo_user_024,2026-06,24,139929,205686,167954,277816,19691,38758,5451,20676,26720,34074,25416,31792,5335,32640,328362,166131,1,True
demo_user_025,2026-01,13,124996,97592,265070,268483,2154,16689,21774,13156,7475,9516,18764,565,5015,11322,245621,298157,0,True
demo_user_025,2026-02,24,166645,173100,265070,171123,5004,32994,14264,17784,7457,5936,29516,14094,6056,29759,238621,232377,1,True
demo_user_025,2026-03,20,120039,129248,265070,181538,27785,6814,10603,21252,9925,14527,30135,5351,2941,4038,211064,219086,1,True
demo_user_025,2026-04,11,96134,88582,265070,274445,11728,3333,6911,2952,9770,10336,3942,23959,1934,12908,290285,310322,1,True
demo_user_025,2026-05,11,87180,106022,265070,332565,13187,4328,0,8009,18013,14830,10150,13539,13352,6991,303461,291382,1,True
demo_user_025,2026-06,12,70011,69264,265070,229155,1779,10247,10137,0,4746,14442,4808,7680,10054,15742,203609,223827,1,True
demo_user_026,2026-01,11,40744,116641,157753,343564,13125,15708,4859,16500,12870,11648,16972,9078,4125,9929,373975,135497,1,True
demo_user_026,2026-02,17,76894,187133,157753,306303,13453,19726,23506,26955,22538,8066,5533,26965,15219,16782,329613,162135,1,True
demo_user_026,2026-03,20,115141,141357,157753,205110,19042,13515,15814,26510,16386,19811,1612,20394,4249,27769,297517,214331,1,True
demo_user_026,2026-04,11,65159,68022,157753,238201,0,6077,2291,12289,11814,6436,9181,8838,7743,10263,219358,173163,1,True
demo_user_026,2026-05,10,46448,82815,157753,211794,15932,16442,799,5961,7887,3321,13668,3628,4975,9080,289375,154190,1,True
demo_user_026,2026-06,24,79918,174702,157753,208312,42054,25851,34419,16937,17399,6769,27735,12892,2416,0,275048,129703,1,True
demo_user_027,2026-01,10,112043,77249,295155,257613,21695,8564,1668,7874,6924,12046,9320,7875,4594,11288,310985,349418,0,True
demo_user_027,2026-02,10,79916,71861,295155,207613,2205,8521,10875,3092,12322,0,4595,11326,3833,11459,246415,318185,0,True
demo_user_027,2026-03,23,186740,237823,295155,267807,14444,25316,20026,41041,3495,26097,28301,27123,18901,10074,315453,314924,1,True
demo_user_027,2026-04,11,107571,85806,295155,236182,4452,14565,4702,10228,12374,2534,14941,9140,8550,0,235192,321515,0,True
demo_user_027,2026-05,11,96624,115588,295155,319287,0,6784,14660,7702,16986,15238,14399,14166,10078,11672,384125,329768,1,True
demo_user_027,2026-06,11,94254,107945,295155,289813,18321,14418,5449,6001,3522,16170,20220,15904,7186,13437,328996,256868,1,True
demo_user_028,2026-01,14,102012,102640,252100,199960,2647,9131,7274,6437,6985,11877,28403,8852,3434,15314,260008,202654,1,True
demo_user_028,2026-02,23,138604,129121,252100,238935,3121,1301,14336,5582,30697,25148,11486,25398,10152,31832,230986,215007,1,True
demo_user_028,2026-03,17,159486,153309,252100,211084,12835,18285,16753,4072,13613,9685,23753,17665,16744,0,278098,267966,1,True
demo_user_028,2026-04,10,78881,114040,252100,407909,4019,17565,14977,12639,11433,9167,12685,4609,9797,16766,393174,247683,1,True
demo_user_028,2026-05,21,163180,151025,252100,272803,22229,24591,15516,23106,0,8593,0,26810,26145,15297,247937,236153,1,True
demo_user_028,2026-06,11,74837,83305,252100,313078,7917,13985,13344,9133,7463,15391,7563,204,10919,17342,328773,252162,1,True
demo_user_029,2026-01,22,288137,194519,351198,263470,29672,15236,34454,14826,26822,0,32182,22619,49511,12416,414092,449445,1,True
demo_user_029,2026-02,25,228306,255629,351198,230771,10390,13258,21265,19665,29440,26889,19863,40326,22898,29116,315397,300155,1,True
demo_user_029,2026-03,24,220230,210085,351198,259187,34581,35221,8189,19832,23825,30696,16543,12248,29301,21752,306213,318551,1,True
demo_user_029,2026-04,10,101059,61527,351198,227812,4198,17574,5568,6099,7724,6840,6514,0,9753,8077,220020,327079,0,True
demo_user_029,2026-05,21,207753,246217,351198,404317,12723,19919,14857,38572,23554,23604,27575,41787,23987,22548,411731,345163,1,True
demo_user_029,2026-06,10,75413,67204,351198,154848,12373,12373,9820,3492,0,5291,5567,4840,5557,0,205437,276327,0,True
demo_user_030,2026-01,24,469038,201987,420252,328468,30537,36731,21272,27705,2627,36968,16044,21452,25137,5952,299079,564291,0,True
demo_user_030,2026-02,23,344344,193575,420252,257587,19155,13717,30389,15151,26837,18452,33275,39886,17187,4087,299418,425357,0,True
demo_user_030,2026-03,25,390143,164775,420252,230335,17618,17713,16938,9274,23971,39843,13697,39547,0,14325,231515,460708,0,True
demo_user_030,2026-04,24,409723,248692,420252,245651,23046,16811,9339,18040,24296,45928,21497,15098,37305,16021,303780,566942,0,True
demo_user_030,2026-05,14,191999,140244,420252,352808,9015,20436,4410,13873,23631,21685,13907,11847,9873,11842,360075,416809,0,True
demo_user_030,2026-06,10,104996,97026,420252,383979,13776,14147,10785,3661,204,8261,15952,17232,11558,12401,380090,371839,1,True
demo_user_031,2026-01,10,100909,79544,312669,263350,13933,15493,2276,0,15930,5485,7635,10699,10063,928,247332,361973,0,True
demo_user_031,2026-02,22,215064,169434,312669,250346,36852,21793,10277,27222,35579,29612,1049,2943,9432,21199,323981,359086,1,True
demo_user_031,2026-03,17,211976,182439,312669,322624,9011,26159,20996,4096,8821,17264,27102,8111,28222,12232,296027,381504,0,True
demo_user_031,2026-04,11,121103,86854,312669,282798,18152,13437,17970,3015,12382,7675,5875,3910,14932,3596,365636,420131,0,True
demo_user_031,2026-05,25,241089,167162,312669,242880,28708,4715,27443,3076,27575,42034,0,14952,21063,10777,271078,331476,0,True
demo_user_031,2026-06,25,166217,246802,312669,282163,8558,25609,15657,27765,40579,36375,0,44233,20250,0,289463,251995,1,True
demo_user_032,2026-01,14,93619,95620,225017,233395,12400,5551,5102,9912,4536,17942,22525,19825,9957,7886,281426,204368,1,True
demo_user_032,2026-02,13,48127,118720,225017,362432,23537,8601,14212,9491,24217,6529,20447,10465,4340,17029,337160,136505,1,True
demo_user_032,2026-03,10,74188,106367,225017,251682,12765,3307,17679,9862,6841,12812,9247,6634,3737,14825,381611,221234,1,True
demo_user_032,2026-04,25,162819,216253,225017,385372,43530,14559,22018,42064,30757,45087,12208,45667,13671,0,359526,231168,1,True
demo_user_032,2026-05,12,95420,88710,225017,269473,4510,8232,18540,7860,12451,12892,4645,14692,4496,14423,296967,221191,1,True
demo_user_032,2026-06,10,68877,109240,225017,282126,11456,10512,17627,10317,11629,7194,11771,4017,4251,8388,311690,196056,1,True
demo_user_033,2026-01,25,75800,223536,157287,221694,49302,9670,39109,11816,8002,26738,38376,29807,8510,3901,295483,103229,1,True
demo_user_033,2026-02,25,141763,197538,157287,207957,15220,8751,36375,18552,34735,0,35515,42417,432,8447,253155,191551,1,True
demo_user_033,2026-03,20,126625,124864,157287,242688,33958,18555,15341,27420,14356,0,0,15864,5479,9173,248236,194903,1,True
demo_user_033,2026-04,10,41796,44427,157287,192587,6819,3706,475,7255,212,3509,14947,6784,6732,3187,161825,148439,1,True
demo_user_033,2026-05,12,75812,106524,157287,297672,4786,4219,19449,18774,7405,13835,8569,13048,6382,10623,311257,182568,1,True
demo_user_033,2026-06,18,87597,189885,157287,271238,17203,20871,19168,11086,5574,22238,24129,21124,12330,28449,316806,176070,1,True
demo_user_034,2026-01,10,147649,108528,416246,374085,12157,12684,2142,12358,19144,7609,9897,7932,4978,16223,359208,518932,0,True
demo_user_034,2026-02,22,420048,247243,416246,335046,23768,18319,11431,12787,20391,27351,14371,13472,61547,26069,358186,537787,0,True
demo_user_034,2026-03,17,196920,173053,416246,326753,16337,13652,9262,19331,18262,13409,5726,23516,11282,27833,302916,443789,0,True
demo_user_034,2026-04,20,211499,233602,416246,330675,31016,21296,24488,14351,29634,15774,0,33054,20111,40992,358478,359289,1,True
demo_user_034,2026-05,11,114358,93700,416246,213008,13170,2172,12706,21248,7642,18838,4983,3986,4861,2132,308688,391511,0,True
demo_user_034,2026-06,10,197880,90024,416246,319580,6363,13060,14138,8249,11125,10113,13367,10214,12405,8415,353295,546018,0,True
demo_user_035,2026-01,20,121520,205995,142497,294671,26658,29280,11659,1557,30998,30216,5896,18870,13307,21680,285188,171272,1,True
demo_user_035,2026-02,19,68613,197826,142497,288003,26278,21250,26434,21271,11503,0,22710,24136,9956,22265,294118,121922,1,True
demo_user_035,2026-03,11,46338,72607,142497,172452,6064,8078,10450,4367,7495,13308,2662,9105,1985,1944,178535,159911,1,True
demo_user_035,2026-04,11,67612,67518,142497,173667,5680,16220,7438,8751,7534,8498,5541,9952,2369,5344,228651,183112,1,True
demo_user_035,2026-05,16,95209,146161,142497,226159,26499,8873,16991,24692,6970,20921,18259,9343,8136,4243,302299,198029,1,True
demo_user_035,2026-06,16,99619,145799,142497,262079,14299,7948,17870,7037,10907,21485,21448,15974,17133,6724,309784,173339,1,True
demo_user_036,2026-01,23,122300,160736,189980,254223,28581,44066,1600,2876,19456,35081,15513,0,12415,14444,263736,166899,1,True
demo_user_036,2026-02,18,130673,180721,189980,365335,22598,8650,32458,13653,13029,19919,25959,20781,19045,29417,402606,233381,1,True
demo_user_036,2026-03,19,90989,104330,189980,205598,25691,11191,5147,9258,21294,23017,12040,221,9520,9091,200264,186166,1,True
demo_user_036,2026-04,25,176742,192228,189980,223646,29663,36958,9670,21269,42387,18989,26576,16184,12475,18304,284211,224636,1,True
demo_user_036,2026-05,14,87008,121109,189980,257570,28516,11270,10455,19368,7736,0,10721,16996,7164,0,264216,229428,1,True
demo_user_036,2026-06,16,72114,158055,189980,304569,29042,2538,3073,24307,21694,13894,23424,3172,4379,19289,347539,141968,1,True
demo_user_037,2026-01,24,234149,160604,356647,173317,35165,17485,4812,9620,0,19961,13838,17028,1645,40814,203444,305575,0,True
demo_user_037,2026-02,15,207766,145011,356647,314805,0,10237,24084,24798,12897,16793,15197,24319,18130,16210,443803,521625,0,True
demo_user_037,2026-03,18,186125,129283,356647,305291,23752,11436,12712,28553,10492,3306,10904,9213,26902,22750,300090,378904,0,True
demo_user_037,2026-04,20,265551,156103,356647,258055,30176,16080,6228,17398,14002,17419,7994,21270,28033,5840,246667,416748,0,True
demo_user_037,2026-05,16,203808,116306,356647,238143,0,18037,7413,21155,18771,9224,12298,27668,7910,19837,325744,361221,1,True
demo_user_037,2026-06,21,203104,186917,356647,275153,14560,15106,12560,11986,34213,14329,15025,32024,24287,0,283213,338887,0,True
demo_user_038,2026-01,20,181804,167698,404550,272509,6171,33086,9343,24160,12668,10655,6677,28324,4056,20973,247458,332764,0,True
demo_user_038,2026-02,10,166006,114196,404550,325094,13527,7532,8873,11752,13661,4763,15424,5593,9609,10253,352151,502231,0,True
demo_user_038,2026-03,15,212759,115326,404550,294969,12170,13917,14796,4987,20014,4331,13213,23397,15051,14428,314557,405072,0,True
demo_user_038,2026-04,13,194210,132548,404550,360026,8247,7855,11643,16348,21213,5141,21618,18877,16894,10042,413854,466120,0,True
demo_user_038,2026-05,25,398945,250369,404550,368813,38300,29763,36112,30571,19755,39999,8808,22685,16015,34824,344265,443388,0,True
demo_user_038,2026-06,15,180550,102757,404550,192050,9431,19652,14071,11472,13120,15774,3248,5463,5692,17858,259922,330086,0,True
demo_user_039,2026-01,24,144126,178153,159375,188876,20944,0,3429,16580,38936,34093,15568,19503,0,6061,219977,187935,1,True
demo_user_039,2026-02,10,49283,75064,159375,180798,6806,8885,13751,15932,4825,13150,3031,1984,1561,1457,214155,152824,1,True
demo_user_039,2026-03,18,123064,106181,159375,229688,9062,4585,10507,10014,22569,25801,10365,4555,10432,19409,238008,195315,1,True
demo_user_039,2026-04,24,82127,152572,159375,269057,12390,11690,10542,29042,22877,40719,32851,2175,7529,12383,275944,118605,1,True
demo_user_039,2026-05,22,85810,194216,159375,299640,23190,10832,25746,31853,20031,16276,21067,28964,10266,10129,296436,155062,1,True
demo_user_039,2026-06,17,64298,96102,159375,142824,5109,17931,4484,27033,4320,7008,3530,7120,8919,11471,213824,141037,1,True
demo_user_040,2026-01,13,81283,122490,303148,292375,48,18704,16644,11005,8617,14725,5180,14007,3343,16282,292800,234148,1,True
demo_user_040,2026-02,19,196589,178469,303148,300788,33792,10878,26080,11952,28904,9812,21432,14501,9828,9463,283794,318371,0,True
demo_user_040,2026-03,19,184099,152324,303148,222322,14714,10346,1793,16137,23097,23062,23085,26201,11723,18284,292686,362672,0,True
demo_user_040,2026-04,24,172691,304983,303148,334589,35959,39360,11217,24100,31401,46515,37148,35800,13762,10851,421869,245236,1,True
demo_user_040,2026-05,25,300780,245876,303148,254938,20790,784,25361,21558,29747,24907,28876,34771,25358,14640,327936,354987,1,True
demo_user_040,2026-06,20,246935,176412,303148,301510,12840,27744,12550,15726,27543,35275,18131,19165,14108,7642,375923,365961,1,True
demo_user_041,2026-01,20,140938,175445,228138,233730,15089,16640,9200,23920,25266,8174,17008,29486,25929,12738,314369,252198,1,True
demo_user_041,2026-02,21,173908,169504,228138,255473,8066,5534,25424,25417,17381,28553,32491,0,21817,16063,275011,259046,1,True
demo_user_041,2026-03,13,86573,138837,228138,310637,18404,8922,19975,17095,6078,13746,6904,23382,6981,4692,319163,211210,1,True
demo_user_041,2026-04,16,146600,127284,228138,264540,21662,18250,3578,11020,3396,1613,1395,27717,18612,13439,226288,252310,0,True
demo_user_041,2026-05,25,187358,224550,228138,307438,14585,28540,0,31210,27179,51645,19001,35843,32554,9813,313228,248926,1,True
demo_user_041,2026-06,11,71706,101623,228138,244791,5098,17282,3741,19314,9560,4755,6091,10461,6965,5846,313635,250756,1,True
demo_user_042,2026-01,14,103036,72054,326252,185826,18929,13064,11959,12740,9422,3600,4002,2549,6975,5279,225658,245982,1,True
demo_user_042,2026-02,19,247389,179610,326252,243006,26733,6639,7794,28069,13905,13049,20898,15707,13693,22121,355377,425179,0,True
demo_user_042,2026-03,21,239921,157403,326252,291499,33774,20398,8010,24602,13250,1966,15325,10315,18928,43553,314881,356609,0,True
demo_user_042,2026-04,23,218723,153044,326252,254623,16788,14175,5073,13098,15748,9209,31351,36827,28268,6506,284680,333543,0,True
demo_user_042,2026-05,13,108365,104711,326252,295478,9176,18300,9539,16805,15020,16671,6363,20686,13542,0,319406,235956,1,True
demo_user_042,2026-06,18,145574,179325,326252,291712,20743,21958,23017,27518,21414,7667,3938,26520,19974,18931,383725,314147,1,True
demo_user_043,2026-01,24,293019,207282,355005,290528,32794,17628,17630,36183,27376,18128,33000,18640,51260,0,341929,441339,0,True
demo_user_043,2026-02,16,128322,133256,355005,211729,9308,5442,7435,14687,16222,23584,13206,16698,10034,0,247055,273760,1,True
demo_user_043,2026-03,19,201959,166681,355005,256409,13141,30059,23605,26817,26294,0,0,12818,20241,14979,326929,411960,0,True
demo_user_043,2026-04,13,121885,97822,355005,245454,19183,8083,23253,7054,6089,15166,11211,9111,10855,3979,334296,339041,1,True
demo_user_043,2026-05,16,165008,157524,355005,406247,17466,26579,10349,20404,19394,20788,14643,19532,31897,13542,382529,343798,1,True
demo_user_043,2026-06,20,249534,175024,355005,318734,23281,15450,39398,25150,13486,3186,34596,30046,2374,18944,334469,344786,1,True
demo_user_044,2026-01,19,146118,95618,371496,166208,5586,4619,9871,11075,0,23112,23181,14134,15835,0,199426,305593,0,True
demo_user_044,2026-02,14,167955,196608,371496,423198,25277,27648,20833,15058,16171,35065,12793,7394,27270,22856,477391,444513,1,True
demo_user_044,2026-03,19,281230,250413,371496,306991,4102,36215,24936,26826,12779,21060,16245,21974,29522,33530,399710,467459,0,True
demo_user_044,2026-04,23,316673,159076,371496,181307,18156,16751,18465,26089,28582,23684,4554,14041,1524,1001,211406,442177,0,True
demo_user_044,2026-05,24,279266,123217,371496,198457,30499,0,6527,12265,7654,16165,2761,35737,36664,0,225622,362660,0,True
demo_user_044,2026-06,16,169467,140834,371496,291148,21865,12460,11906,16866,26593,8474,4494,17033,13155,28152,317560,381197,0,True
demo_user_045,2026-01,17,86253,93047,186341,148831,31212,618,0,7654,6697,10868,4498,20624,5540,14592,220366,153667,1,True
demo_user_045,2026-02,12,43528,117210,186341,283155,12196,18288,18165,17394,14220,1882,8446,8128,4984,17624,386945,128610,1,True
demo_user_045,2026-03,10,57865,99458,186341,304310,9849,15992,12882,2715,3439,9120,10245,12195,5087,6904,265291,217909,1,True
demo_user_045,2026-04,21,90525,199962,186341,275103,33908,31786,24651,18375,25361,12859,23742,29551,9751,0,326264,166116,1,True
demo_user_045,2026-05,23,96529,210761,186341,346199,10024,28066,20376,33036,43562,30702,21592,14105,6392,17608,317487,149709,1,True
demo_user_045,2026-06,20,118698,225928,186341,393450,33758,20376,19696,13271,28218,14082,17082,35044,19891,18446,412945,223981,1,True
demo_user_046,2026-01,25,143167,229999,227341,228472,30050,38172,24498,10165,12870,8257,33929,2708,16755,24277,242020,222218,1,True
demo_user_046,2026-02,23,96133,190257,227341,320595,23529,28668,32981,12314,42359,24330,27107,12496,7911,18375,365137,137679,1,True
demo_user_046,2026-03,20,138494,217977,227341,284879,29729,29524,19764,29425,31400,23838,12426,29189,6123,5719,368050,204707,1,True
demo_user_046,2026-04,11,74941,84117,227341,247544,9575,7866,12587,5448,2743,7191,5606,19601,10811,15025,308325,207218,1,True
demo_user_046,2026-05,25,237069,211661,227341,322904,17693,16585,35095,10493,36855,44580,31945,36104,5290,26123,383445,262127,1,True
demo_user_046,2026-06,21,166701,212600,227341,263644,22844,13693,13189,32589,32033,17850,24699,4576,17208,21092,294444,248640,1,True
demo_user_047,2026-01,11,47164,85716,258678,215949,4683,7034,15201,5453,16909,16894,13982,5588,1879,6950,316178,157653,1,True
demo_user_047,2026-02,24,282548,216646,258678,340129,26624,14942,36016,19296,17474,37981,10409,42150,33148,14672,361847,321936,1,True
demo_user_047,2026-03,18,148465,157693,258678,247324,0,26212,7411,11557,21459,7145,21502,14973,13368,17258,261646,293248,0,True
demo_user_047,2026-04,14,98081,135871,258678,298424,24322,13605,2874,19020,2683,14373,13264,11638,5248,12373,264991,214026,1,True
demo_user_047,2026-05,10,116928,76425,258678,267728,13637,10516,2444,3113,13195,4732,10401,0,9612,10824,240504,326291,0,True
demo_user_047,2026-06,12,130869,89002,258678,193261,868,11170,19417,4413,0,8046,8000,2461,18432,7349,218133,341376,0,True
demo_user_048,2026-01,10,86062,73033,219356,179286,6530,3732,3389,4878,11821,4934,11085,16166,7782,4104,243154,283915,0,True
demo_user_048,2026-02,17,158783,106375,219356,195241,9874,21404,4626,11265,5483,0,5287,14915,16778,21539,211980,284692,0,True
demo_user_048,2026-03,19,162679,98977,219356,201170,10424,2235,10306,11406,4160,16664,22306,15718,2330,12337,186887,240014,0,True
demo_user_048,2026-04,10,91704,81445,219356,207634,13224,2682,15244,4885,10213,7489,9480,9935,8990,874,288922,306834,1,True
demo_user_048,2026-05,15,121287,111075,219356,227581,21267,13195,8161,23382,2190,5152,8033,22981,17015,5676,266829,245111,1,True
demo_user_048,2026-06,18,120091,164985,219356,344802,9448,13815,18787,18172,23638,22536,26803,6391,15265,20634,309289,193603,1,True
demo_user_049,2026-01,11,128096,102086,283557,206090,11687,6034,7246,15145,6405,6172,3928,9175,14191,13846,289484,355367,0,True
demo_user_049,2026-02,15,97700,143943,283557,243221,13246,17006,9097,22491,16296,9762,25294,21069,3293,9111,339028,179792,1,True
demo_user_049,2026-03,20,149670,128604,283557,193265,11108,32098,23642,15327,12748,8843,5314,12970,17703,14311,252908,213885,1,True
demo_user_049,2026-04,12,99596,71947,283557,163712,1237,8028,2980,3578,12949,11729,10347,11372,11338,2201,231515,313399,0,True
demo_user_049,2026-05,24,239633,182654,283557,248272,14266,10349,2282,36203,24332,28570,19001,39744,24511,0,286228,336098,0,True
demo_user_049,2026-06,18,108505,150378,283557,310801,27977,18178,30864,10008,4194,14486,10532,9606,20587,10773,341494,206725,1,True
demo_user_050,2026-01,19,97288,152098,234880,211588,9414,7498,3905,4916,26292,19555,27488,30071,10280,5028,249799,175882,1,True
demo_user_050,2026-02,18,119116,128417,234880,253300,7069,12988,28875,0,12457,16360,25954,2063,6670,25408,246640,233662,1,True
demo_user_050,2026-03,17,108422,143410,234880,209848,13851,16334,18132,10241,7269,18019,12069,4556,11518,32999,290385,200787,1,True
demo_user_050,2026-04,16,102789,93421,234880,152625,22674,22522,3342,13932,0,7352,1271,1779,8995,11873,218958,206249,1,True
demo_user_050,2026-05,12,89694,90914,234880,184946,9906,3164,12662,1873,11050,7591,19035,13924,4110,5154,283324,209174,1,True
demo_user_050,2026-06,23,146874,151624,234880,216040,29072,35535,15545,3427,30964,11916,2014,32459,14022,0,245436,192050,1,True
demo_user_051,2026-01,10,46929,73112,132337,187785,1909,2523,11623,7418,3690,1558,6334,17257,6776,13130,249276,138717,1,True
demo_user_051,2026-02,19,98161,143534,132337,315474,33885,24876,0,18084,13038,13667,18583,22516,6116,17144,289639,147887,1,True
demo_user_051,2026-03,23,105515,147168,132337,212743,25341,11806,14251,7776,28070,20003,7824,25992,6555,0,224022,132411,1,True
demo_user_051,2026-04,12,34434,97761,132337,214481,17295,9329,4984,14987,12071,0,11738,13777,2958,5646,279087,110489,1,True
demo_user_051,2026-05,13,46004,133334,132337,297514,25630,21023,14354,6847,6883,1508,16809,23543,1742,0,330093,125322,1,True
demo_user_051,2026-06,14,83289,112372,132337,245588,21095,18085,16030,12492,11614,8952,11438,8097,1217,21810,315553,176594,1,True
demo_user_052,2026-01,16,64073,157170,165550,262940,12819,16154,11938,18611,24011,0,25239,15492,4963,8764,276550,112041,1,True
demo_user_052,2026-02,12,64408,83230,165550,214987,16055,2074,6572,7227,18769,1175,2861,11268,7390,427,224950,185417,1,True
demo_user_052,2026-03,16,109574,123757,165550,258426,24134,16788,31123,13543,14537,9965,6849,5519,11301,4163,317347,187333,1,True
demo_user_052,2026-04,22,96058,143214,165550,243590,26033,9210,17055,7965,7602,30501,25160,16149,3118,10381,224778,145757,1,True
demo_user_052,2026-05,25,130891,133942,165550,162700,11014,15151,8855,0,26545,42555,2575,10143,12954,29630,242544,166485,1,True
demo_user_052,2026-06,19,64342,107117,165550,194997,8847,8159,4138,25988,20459,3630,9492,33707,7074,10034,207684,113894,1,True
demo_user_053,2026-01,24,323994,208950,364663,282797,24839,21796,37176,12461,29982,17211,32087,11016,12539,16552,304115,423026,0,True
demo_user_053,2026-02,16,163558,130456,364663,331102,20918,16353,7066,6914,22190,15725,15417,20177,16926,15549,305747,407002,0,True
demo_user_053,2026-03,19,183412,235528,364663,262029,31987,29865,18878,24510,26897,15736,12659,24429,13526,6405,379698,374482,1,True
demo_user_053,2026-04,13,135131,108018,364663,286281,18730,22212,16602,18914,1917,6711,24087,5450,12372,0,303697,336772,1,True
demo_user_053,2026-05,17,215486,130152,364663,220121,3723,3813,25281,26813,23212,14850,2858,15861,13747,507,235317,382583,0,True
demo_user_053,2026-06,18,239555,97889,364663,199353,16185,9541,16049,3446,11062,20170,4233,4228,19845,0,220676,466653,0,True
demo_user_054,2026-01,10,61536,68882,202072,261246,9516,2931,4568,4993,15249,15108,7138,4571,4812,6978,230368,171284,1,True
demo_user_054,2026-02,12,69041,79764,202072,216506,12157,1737,6709,3968,7053,14498,10777,7484,6799,9016,215075,173908,1,True
demo_user_054,2026-03,20,92052,168635,202072,310778,7065,18037,17505,16834,18319,26000,33902,8182,12970,19877,299850,163661,1,True
demo_user_054,2026-04,22,158211,192057,202072,259539,11064,28951,31272,18053,7215,23064,26963,25856,158,0,245977,213341,1,True
demo_user_054,2026-05,21,161507,170296,202072,328926,31262,43327,22910,6174,6653,23200,38058,8856,3637,22225,294723,245395,1,True
demo_user_054,2026-06,25,195775,249839,202072,271187,0,10287,35360,14493,33586,31665,14245,36070,12203,34074,266384,226704,1,True
demo_user_055,2026-01,18,185602,136401,286749,255654,16027,23560,8567,16302,18266,14282,32636,17854,13378,3190,339992,322689,1,True
demo_user_055,2026-02,14,101024,99525,286749,261048,21213,12623,15059,22500,11635,16776,12690,6422,955,4452,312697,277448,1,True
demo_user_055,2026-03,23,252112,141129,286749,211687,30703,9746,10101,20125,22191,18661,13422,23088,15367,8877,289323,299971,1,True
demo_user_055,2026-04,25,248201,168045,286749,207614,33411,28458,26324,38440,14668,31014,18047,0,14572,0,268239,318757,0,True
demo_user_055,2026-05,24,241777,255153,286749,248340,751,29599,18304,24028,20218,15365,33199,17350,40515,24876,280260,276929,1,True
demo_user_055,2026-06,15,117779,115974,286749,190376,20912,15816,2794,9008,2955,19845,5127,17037,8542,12828,229731,259684,0,True
demo_user_056,2026-01,19,94355,143561,151266,281747,10934,25931,25055,8073,26207,18174,23200,609,4482,13531,276384,154066,1,True
demo_user_056,2026-02,15,61220,124732,151266,211325,6118,15822,9811,24388,17148,9322,12229,8956,0,7028,265489,114939,1,True
demo_user_056,2026-03,24,116475,146240,151266,191440,13773,8035,18196,2770,15473,40307,15290,9705,13301,30207,232631,177511,1,True
demo_user_056,2026-04,18,65731,158098,151266,236304,19701,11922,21112,21602,16284,12415,29525,10898,1980,21067,340949,139961,1,True
demo_user_056,2026-05,11,58342,70416,151266,262015,13657,8752,11152,10630,12421,8834,2953,5830,3584,9432,254612,150269,1,True
demo_user_056,2026-06,22,53635,178848,151266,291854,3859,38263,13379,37528,37047,10068,15679,16537,7990,25306,280447,79952,1,True
demo_user_057,2026-01,25,206958,153158,236501,195501,21664,0,31571,16320,31274,26769,2676,8785,13652,0,202650,231028,0,True
demo_user_057,2026-02,13,79933,113618,236501,307780,13065,12343,15117,18621,13260,0,20445,14515,5395,3588,323886,225770,1,True
demo_user_057,2026-03,15,103678,179440,236501,297574,20750,23781,6044,10365,12928,22602,19465,14261,16886,17143,422716,228870,1,True
demo_user_057,2026-04,20,163026,146413,236501,182612,10609,18174,11816,17233,16510,9487,16021,20454,1322,13822,203177,308797,0,True
demo_user_057,2026-05,23,168904,187901,236501,292088,39494,22388,38460,34028,14003,35163,14064,10182,9713,0,323223,237841,1,True
demo_user_057,2026-06,20,173778,207919,236501,233374,11986,25448,27608,25384,12767,24482,6560,25682,12053,18350,294493,272275,1,True
demo_user_058,2026-01,15,244060,121541,440721,318097,21617,4571,8545,17958,8823,17245,18268,16051,27433,7160,331901,473201,0,True
demo_user_058,2026-02,17,232563,221327,440721,440961,25488,26823,20700,18484,27917,22759,9390,17686,46051,12810,432523,508706,0,True
demo_user_058,2026-03,10,169083,86662,440721,212405,11722,9164,12891,2417,17878,7586,4344,0,10331,1627,267375,466726,0,True
demo_user_058,2026-04,18,284179,119600,440721,235136,34725,0,11852,14573,7135,13506,0,16838,20297,9340,213782,446659,0,True
demo_user_058,2026-05,21,283080,179128,440721,334099,10360,8162,29001,15227,31237,31721,31616,19453,16603,14483,416456,436375,1,True
demo_user_058,2026-06,23,252414,182274,440721,291644,16850,11133,33304,15970,29158,29272,30709,0,15929,31706,291531,354708,0,True
demo_user_059,2026-01,19,307651,191829,378321,358843,32224,25685,9083,9454,31961,20887,6038,28905,37278,0,365877,494838,0,True
demo_user_059,2026-02,18,117338,180802,378321,280046,21080,6065,13989,16274,24299,25336,17365,21238,8416,17778,322868,255519,1,True
demo_user_059,2026-03,10,110372,74359,378321,226609,8365,2675,2128,4247,15040,9970,14311,4817,6199,5714,240662,326085,0,True
demo_user_059,2026-04,15,132159,124170,378321,320103,8787,20524,25458,8404,17020,22744,13079,7672,6440,8430,319775,293488,1,True
demo_user_059,2026-05,18,159248,134009,378321,227981,15978,6546,28933,2973,1578,27376,17592,21430,32009,0,284022,343000,0,True
demo_user_059,2026-06,17,155325,169311,378321,307843,16534,18067,19882,5878,21588,28133,0,26895,35463,4063,311483,324875,1,True
demo_user_060,2026-01,25,253384,245913,314372,316238,16390,36816,11100,45210,8544,38888,23912,8905,35075,39402,359482,331204,1,True
demo_user_060,2026-02,20,130499,170309,314372,228474,32700,18996,19445,3570,7423,19776,21558,13250,11958,0,230982,241315,1,True
demo_user_060,2026-03,23,183086,163491,314372,214125,24097,10134,5989,7584,25332,15504,19642,23748,16832,24769,244145,251287,1,True
demo_user_060,2026-04,11,115530,92252,314372,247127,7312,4704,16462,4478,3955,12773,17636,11926,5641,10785,333274,351844,1,True
demo_user_060,2026-05,25,197476,178467,314372,195410,24363,30207,25195,37463,5832,3352,18282,3946,13523,11834,238208,297340,0,True
demo_user_060,2026-06,21,210318,169164,314372,204434,45848,14807,12818,5709,8718,2809,15619,18012,17782,8934,215803,341991,0,True
